{
  "height": 219,
  "width": 270,
  "x": 46.66666793823242,
  "y": 1250.3333740234375
}