{
  "height": 1603.3333740234375,
  "width": 1263.3333740234375,
  "x": 0,
  "y": 0
}