{
  "height": 11725.5419921875,
  "width": 1263.3333740234375,
  "x": 0,
  "y": 0
}